discount_tier,total_satisfied,total_sentiment_score,satisfactory_score
High,270,435,377.23296682856073
Mid,301,526,358.6363811998004
Low,229,482,293.6148991050703
